peptide	score
AKQALEDQRKDLETK	0.057092
DELTEELSNAKEKLR	0.105260
DFKRAEELEKAKQAL	0.188611
DWYVQQLKMLNRDLE	0.140283
EARKADLEKALEGAM	0.156779
EDQRKDLETKLKELQ	0.115713
EKAKQALEDQRKDLE	0.088356
ELEARKADLEKALEG	0.100441
ELEKAKQALEDQRKD	0.074294
ELTEELSNAKEKLRK	0.142522
FKRAEELEKAKQALE	0.102003
IQELEARKADLEKAL	0.109554
KAKQALEDQRKDLET	0.074943
KQALEDQRKDLETKL	0.066506
KRAEELEKAKQALED	0.078549
LEARKADLEKALEGA	0.082406
LEDQRKDLETKLKEL	0.140750
LEKAKQALEDQRKDL	0.101770
LTDQNKNLTTENKEL	0.221125
LTDQNKNLTTENKNL	0.285792
LTEELSNAKEKLRKN	0.143517
NDELTEELSNAKEKL	0.134572
NKNLTTENKNLTDQN	0.119090
NLTDQNKNLTTENKE	0.062823
NNLTDQNKNLTTENK	0.045004
NNNLTDQNKNLTTEN	0.056018
QELEARKADLEKALE	0.080021
QNKNLTTENKNLTDQ	0.121734
RAEELEKAKQALEDQ	0.098782
TDQNKNLTTENKELK	0.164387
TEELSNAKEKLRKND	0.154603
WYVQQLKMLNRDLEQ	0.128845
YVQQLKMLNRDLEQA	0.147226
